observed_utc,task,object,state,owner,commit,base,evidence,limitations,event_utc
2026-09-30T22:04:53Z,C01,catalogs,integrated_pass,root,5d81be9a,,QA227 plus root integrated195host24bot and lint0,Scoped proof only; full C FQA pending,
2026-09-30T22:04:53Z,C01,privileged_reads,ready_for_review,c_registration_developer,7e8dacee,133104f6,Root verified full local gates green and final merge preparation,QA230 assignment not yet confirmed; historical wait start unknown,
2026-09-30T22:04:53Z,D01,agent_fixture,ready_for_merge,root,ecfbd188,133104f6,Root verified eight-file equivalence to QA229 b2263f13 clean status and local gates,No merge or integrated proof yet; historical wait start unknown,
2026-09-30T22:04:53Z,F03,knowledge_precedence,local_gates,provider_compatibility_developer,4db4b7c3,133104f6,QA228 a88c23c9 and root metadata-equivalent rebase report,Final full lint pending GoLock; no merge,
2026-09-30T22:04:53Z,D01,stand_overlay,running_gate,stand_engineer,,5d81be9a,Root verified lint clean and full local tests PASS; Linux race handle3541 running,No completed race or image proof,
2026-09-30T22:04:53Z,D01,stand_flows,stand_preparing,stand_engineer,,,docs/qa/fqa-lead-2026-09-30-readiness.md,Not READY or FROZEN,
2026-09-30T22:04:53Z,D05,stand_recovery,stand_preparing,stand_engineer,,,docs/qa/fqa-lead-2026-09-30-readiness.md,Not READY or FROZEN,
2026-09-30T22:04:53Z,E03,stand_import,stand_preparing,stand_engineer,,,docs/qa/fqa-lead-2026-09-30-readiness.md,Not READY or FROZEN,
2026-09-30T22:04:53Z,C02,fqa_flows,fqa_planned,fqa_flows,,,docs/qa/fqa-flows-20260930-plan.md,13 scenarios UNTESTED; execution0,
2026-09-30T22:04:53Z,D05,fqa_recovery_import,fqa_planned,fqa_recovery_import,,,docs/qa/fqa-recovery-import-plan.md,27 scenarios UNTESTED; execution0,
2026-09-30T22:06:15Z,C01,privileged_reads,reviewing,code_qa_230,7e8dacee,133104f6,Root verified fresh QA230 actually dispatched,No verdict; immutable reviewed commit,
2026-09-30T22:06:15Z,F03,knowledge_precedence,ready_for_merge,root,5f3ca030,133104f6,Root verified clean full host tests pinned lint green and two source blobs equivalent to QA228 a88c23c9,Root equivalence and reviewer base addendum verification before merge; no merge yet,
2026-09-30T22:10:07Z,F03,knowledge_precedence,merged,root,cb65243f,133104f6,Git merge commit time verified; QA228 successor source/base addendum PASS,Prepared5f3ca030 clean full local gates; affected integrated checks and FQA pending,2026-09-30T22:07:40Z
2026-09-30T22:10:07Z,D01,agent_fixture,merged,root,1c485ddd,cb65243f,Git merge commit time verified; QA229 successor equivalence/base addendum PASS,Preparedecfbd188 clean local gates; no integrated/FQA proof yet,2026-09-30T22:07:40Z
2026-09-30T22:10:07Z,C01,privileged_reads,merged,root,5a4d2f27,1c485ddd,Git merge commit time verified; QA230 static PASS,Prepared7e8dacee clean full local gates; no content conflicts; integrated/FQA pending,2026-09-30T22:07:40Z
2026-09-30T22:10:07Z,D01,stand_overlay,local_gates,stand_engineer,5cffa904,48197f0,Root verified Linux race terminalPASS and three template configurations,Developer rebase and affected gates on current base required before fresh QA; no running stands/images,
2026-09-30T22:14:42Z,C01,privileged_reads,integrated_pass,root,5a4d2f27,,Root batched six-package native command exit0 and pinned affected lint0; JSON verified678PASS5SKIP,Unit/config scope only; database URL empty; no stage/FQA acceptance,
2026-09-30T22:14:42Z,D01,agent_fixture,integrated_pass,root,5a4d2f27,,Root batched six-package native command exit0 and pinned affected lint0; JSON verified678PASS5SKIP,Same shared command not another678PASS; no full PG lifecycle Zitadel or FQA proof,
2026-09-30T22:14:42Z,F03,knowledge_precedence,integrated_pass,root,5a4d2f27,,Root batched six-package native command exit0 and pinned affected lint0; JSON verified678PASS5SKIP,Same shared command not another678PASS; five skipped scenarios remain unproven,
2026-09-30T22:14:42Z,C01,order_host_policy,developing,c_registration_developer,,5a4d2f27,Root approved four paths and assigned codex/c-order-host-policy; Git branch exists,No reviewed commit or gates confirmed yet,
2026-09-30T22:14:42Z,D03,model_usage,developing,d_observability_developer,,5a4d2f27,Root approved ten paths and assigned codex/d-model-usage; exclusive DB zns_model_usage_qa created after absent check,No reviewed commit or gate acceptance yet; DB exclusively assigned,
2026-09-30T23:01:21Z,C01,order_host_policy,merged,root,f85b6822,,Git confirms modern-order catalog merge; QA232 PASS73687953,Scoped source acceptance; full C remains open,
2026-09-30T23:01:21Z,C01,admin_host_policy,integrated_pass,root,81a9cf73,,QA235 PASS90d84e14; root host gates968PASS84SKIP0FAIL including2package outcomes; affected lint0,No PG;966testcase PASS; skips not passed; not full baseline or FQA,
2026-09-30T23:01:21Z,D03,model_usage,integrated_pass,root,e72338e1,,QA233 PASSc56c9e4f; root usage gates135PASS7SKIP0FAIL including4package outcomes; affected lint0,No PG endpoint for root run; developer PG evidence separate; full D E FQA open,
2026-09-30T23:01:21Z,D01,stand_overlay,merged,fqa_lead,ce427ca5,,QA231 PASS146e17cc; verified image binding and public handoff,Manual scoped epoch; agent lifecycle faults and importer not accepted,
2026-09-30T23:01:21Z,D01,stand_flows,stand_released,fqa_lead,ce427ca5,,docs/qa/fqa-flows-20261001-execution.md; reviewer released writer ownership,No reimage yet; state preserved; bounded manual UI proof only,
2026-09-30T23:01:21Z,D05,stand_recovery,stand_frozen,fqa_recovery_import,ce427ca5,,docs/qa/fqa-lead-2026-10-01-public-handoff.md plus root active reviewer report,Reviewer active; manual scoped epoch; no full lifecycle acceptance,
2026-09-30T23:01:21Z,E03,stand_import,stand_preparing,fqa_lead,,,Public handoff says import has no live handoff and remains unprepared,No READY FROZEN execution or no-importer rehearsal,
2026-09-30T23:01:21Z,C02,fqa_flows,fqa_executed,fqa_lead,ce427ca5,,docs/qa/fqa-flows-20261001-execution.md,One completed scoped manual report; all13original F-plan rows retain blocked obligations; no full C PASS,
2026-09-30T23:01:21Z,D05,fqa_recovery_import,fqa_running,fqa_recovery_import,ce427ca5,,Root confirms active frozen recovery reviewer,Original18R plus9I obligations retained; no final report yet,
2026-09-30T23:01:21Z,F02,menu_authority,returned_to_developer,menu_sql_developer,1770e5f4,133104f6,QA234 substantive SQL-provenance finding; root transferred fix developer,Observed return1 since baseline; no clean successor or merge confirmed,
2026-09-30T23:01:21Z,C01,registration_context,developing,c_registration_developer,,81a9cf73,Root approved9paths; Git codex/c-registration-revalidation exists,Local gates and merge preparation before next fresh QA,
2026-09-30T23:01:21Z,D03,job_observation,developing,d_observability_developer,,81a9cf73,Root approved9paths; Git codex/d-job-observation exists,Whole-job pauses and realPG preservation local gates in progress,
2026-09-30T23:01:21Z,E01,shared_composition,developing,e_import_developer,,81a9cf73,Root approved2paths; Git codex/e-shared-composition-20261001 exists; defect reproduced,Full E rehearsal waits final schema090 and coherent composition,
2026-09-30T23:04:55Z,F02,menu_authority,developing,menu_sql_developer,1770e5f4,133104f6,Root approved23paths including two existing store upgrade proof tests for090,Preserve genuine087/088 to090 old ledger all-row and replay assertions; developer full affected storePG gates before freshQA,
2026-09-30T23:06:53Z,D05,stand_recovery,stand_released,fqa_lead,ce427ca5,,docs/qa/fqa-recovery-import-2026-10-01.md and lead combined report,Preserved state; no held request; full scope not READY accepted,
2026-09-30T23:06:53Z,D05,fqa_recovery_import,fqa_executed,fqa_lead,ce427ca5,,docs/qa/fqa-recovery-import-2026-10-01.md,Original R01PARTIAL R02toR18BLOCKED I01toI09BLOCKED; no full D E acceptance,
2026-09-30T23:06:53Z,E01,shared_composition,reviewing,code_qa_236,382b778b,00ad10e3,Root verified clean prepared developer65PG PASS0SKIP and lint0; fresh QA236 dispatched,No verdict merge or whole E acceptance yet,
2026-09-30T23:06:53Z,D03,job_observation,local_gates,d_observability_developer,d70c44c0,81a9cf73,Root observed initial synthetic alias PG fixture failure corrected; next gate pending,No green handoff or fresh review yet,
2026-09-30T23:06:53Z,C01,registration_context,local_gates,c_registration_developer,4f071bb1,81a9cf73,Root verified nine-path focused units green; final pinned lint pending,Not ready for fresh review yet,
2026-09-30T23:06:53Z,F02,menu_authority,local_gates,menu_sql_developer,fd57630b,,Root reports23-path local gates and090 proof in progress,No green handoff or fresh successor review yet,
2026-09-30T23:06:53Z,D01,next_controls,developing,stand_engineer,,00ad10e3,Root approved three paths; engineerACK codex/fqa-next-controls plan branch only,No build rebuild or new frozen epoch; two released stands preserved,
2026-09-30T23:19:55Z,E01,shared_composition,merged,root,f2bcbc5c,,QA236PASS382b778b; Git confirms integrationf2bcbc5c,Two-file proof only; no full E acceptance,
2026-09-30T23:19:55Z,C01,registration_context,integrated_pass,root,1b729672,,QA237PASS4f071bb1; root985PASS84SKIP0FAIL comprising983cases plus2packages,Native host scope without PG; no full C FQA acceptance,
2026-09-30T23:19:55Z,C01,registration_fixture,developing,c_registration_developer,,1b729672,Root approved six registration fixture paths; codex/c-registration-fixture exists; exclusive DBsynthetic_qa_zns_registration_fixture allocated,Prepared commit gates and independent QA pending,
2026-09-30T23:19:55Z,E01,offline_rehearsal_harness,developing,e_import_developer,,1b729672,Root approved six offline CLI removal harness paths; codex/e-rehearsal-harness-20261001 exists,Stand lead owns infrastructure and final090 epoch execution; no full apply removal acceptance,
2026-09-30T23:19:55Z,D03,job_observation,local_gates,d_observability_developer,e297bbdc,1b729672,Root confirms nine-path final realPG gate active,No terminal PASS or fresh review handoff yet,
2026-09-30T23:19:55Z,F02,menu_authority,local_gates,menu_sql_developer,76b70790,1b729672,Root verifies rebase preserved all owned changes;23paths finalPG race wait for D exclusive gate,No PASS handoff;090 preservation proof remains mandatory,
2026-09-30T23:19:55Z,D01,next_controls,local_gates,stand_engineer,,00ad10e3,Root confirms three approved code files and sandbox gates active,No images or stand writes; preserved A B state remains released,
2026-09-30T23:22:25Z,D03,job_observation,reviewing,code_qa_238,e297bbdc,1b729672,Root verifies realPG terminalPASS135.951s and resource release; clean local gates; QA238 actually dispatched,Report pending; no merge or full D acceptance,
2026-09-30T23:22:25Z,F02,menu_authority,local_gates,menu_sql_developer,76b70790,1b729672,Root confirms finalPG race resumed after D resource release,No terminal PASS handoff or fresh review inferred,
